restaurant_external_id,restaurant_name,campus_slug,latitude,longitude
kakao_824736542,낭만가득한20세기포장마차 수원성대본점,natural,37.29604429864224,126.96992964303809
kakao_306868449,소리산전집,natural,37.29685350890588,126.97024173476468
kakao_1279255339,두루정 수원성대점,natural,37.296794910240486,126.97011769468573
kakao_762026624,코아김밥,natural,37.29594969031294,126.969931936366
kakao_1676208114,최고집 원조 수구레,natural,37.296801204685146,126.9700669390792
kakao_1687006483,돼지게티 율천점,natural,37.29597671281764,126.96989809056896
kakao_24583309,신전떡볶이 수원성대점,natural,37.29681470682283,126.97001392490908
kakao_2064565238,중경마라탕 3호점,natural,37.29673393142803,126.97129631790644
kakao_1665003130,완미족발 수원성대점,natural,37.29684173421846,126.96999925216126
kakao_765114919,텐푸라바사바사,natural,37.29699785274132,126.9709578626317
kakao_27276923,국수파동,natural,37.29691382289646,126.97002178050572
kakao_2017609824,BBQ 수원율전점,natural,37.29601090706368,126.96972100681226
kakao_11634973,한솥도시락 수원성대점,natural,37.29702218074083,126.9709578532786
kakao_24941922,포크포크 매콤돈가스&칡불냉면,natural,37.29681504115512,126.9713639579212
kakao_1445316158,율전원곱창,natural,37.296675871585656,126.96971735674316
kakao_86582844,백사104,natural,37.29706162886568,126.97016383106484
kakao_1941692451,정든닭발 성대점,natural,37.29706162887575,126.97016383106464
kakao_450307831,정통집 수원성대점,natural,37.29684168401469,126.96980187884536
kakao_205548870,수해복마라탕 성대점,natural,37.29653527800559,126.96959335036678
kakao_295084774,이둔자꿔보러우,natural,37.29695917973012,126.97125111834193
kakao_324405971,1972재개발구역 성대점,natural,37.29667944972949,126.96961584923956
kakao_1706269697,춘천닭갈비칡냉면,natural,37.29696784731608,126.96987288292976
kakao_27393012,무대뽀핫도그 성대점,natural,37.29701774713672,126.97125109605255
kakao_140527598,맥주호텔,natural,37.29685967245864,126.96967555268924
kakao_541737858,율전동,natural,37.2971949959857,126.970217915328
kakao_1578043317,육가든,natural,37.29708950222605,126.96993148268052
kakao_18829773,황소마을곱창,natural,37.29685515339076,126.96962141780725
kakao_148202780,윤실장초밥 성대점,natural,37.29671546452914,126.9695120729448
kakao_1673819877,금별맥주 성균관대역점,natural,37.29720218608632,126.97014572990044
kakao_1328628226,기울어진뚝배기 수원성대점,natural,37.29685514759898,126.96959886085288
kakao_1067364809,포케올데이 수원성대점,natural,37.29687766917807,126.96958193406658
kakao_885469418,유가네닭갈비 성균관대역점,natural,37.2971255339476,126.969893121375
kakao_206089741,면식당 수원성균관대점,natural,37.297013299244746,126.97148794628748
kakao_15818685,이라면 본점,natural,37.297049332579874,126.97145409716464
kakao_938268316,노꼬치킨 수원성균관대점,natural,37.29686232541787,126.96948043393031
kakao_1540805623,만복반점,natural,37.29735545426274,126.97051222230137
kakao_929132172,담은샤브칼국수 직영1호점,natural,37.2972498971177,126.96997202157
kakao_1324929519,감성 성대점,natural,37.29733736153016,126.97022462632962
kakao_1594934927,옛이야기,natural,37.29720068309033,126.97135591675978
kakao_27258679,만다,natural,37.29707861723572,126.969647268518
kakao_168487509,인생건어물맥주 대학로점,humanities,37.5850027656031,126.997318995671
kakao_11634881,한솥도시락 성균관대앞점,humanities,37.5849991617393,126.997323524524
kakao_22016023,맥덕스,humanities,37.58463515323663,126.99702011457204
kakao_338935651,명륜진사갈비 서울성균관대점,humanities,37.5853919804099,126.996752888324
kakao_122821905,물결식당,humanities,37.5846189353022,126.997017850868
kakao_25770908,피자헤븐 종로성대점,humanities,37.584619839485576,126.99714691879169
kakao_1869234515,맘스터치 피자앤치킨 종로성대점,humanities,37.58541902023971,126.99714122735443
kakao_483030266,명분,humanities,37.5851370161491,126.997434473514
kakao_633176459,집시포차 혜화점,humanities,37.5845216320441,126.997180887748
kakao_11520636,페르시안궁전,humanities,37.5849162754761,126.997559020842
kakao_1321651616,홍곱창 성대본점직영,humanities,37.5843576377575,126.996662359563
kakao_1755188559,혼또카레,humanities,37.5846657993498,126.997557896845
kakao_1317493018,가마치통닭 서울성대점,humanities,37.584566688801,126.997495630498
kakao_9453749,치킨매니아 성대점,humanities,37.585705532806,126.997011014372
kakao_435113124,철문집,humanities,37.584276554427,126.99688426848
kakao_21232703,틈,humanities,37.58426934684488,126.9968978548178
kakao_1124953697,준호네부대찌개 성대점,humanities,37.5842549306252,126.996885401551
kakao_1152401909,세아중식당,humanities,37.5844901051662,126.997532994776
kakao_399184950,만만타코야끼,humanities,37.58426034173,126.997086927521
kakao_21330977,더도어스,humanities,37.58425133168574,126.99708239919408
kakao_167602513,노말키친 혜화,humanities,37.5855703952,126.997498993441
kakao_24058331,명신식당,humanities,37.5842279072197,126.997137876396
kakao_16036704,미술관,humanities,37.584260345877695,126.99726014947544
kakao_9968170,성균원,humanities,37.584307200601,126.9973960082
kakao_2142464681,천향록,humanities,37.5844072148449,126.997583945245
kakao_18889918,인생의단맛,humanities,37.584179251861634,126.99706768381785
kakao_1700062133,싸움의고수 성균관대점,humanities,37.5842927853056,126.997423180785
kakao_13559293,이삭토스트 성균관대점,humanities,37.58439730419686,126.99759753162618
kakao_17652954,성균관감자탕,humanities,37.5841774525792,126.99717863639
kakao_223498484,전대포,humanities,37.5844063150135,126.997641686039
kakao_883727943,명쭈3 대학로본점,humanities,37.5841792585535,126.99735072592
kakao_1859806025,신전떡볶이 종로대학로점,humanities,37.5842134987835,126.9974639416
kakao_9029832,명륜쭈꾸미,humanities,37.584080144271454,126.99713561771978
kakao_131183348,양궈푸마라탕 성균관대점,humanities,37.5840981706597,126.997418658825
kakao_1283367577,퍼센트,humanities,37.5840981706656,126.997418658825
kakao_19976659,동두천부대찌개,humanities,37.5839792358762,126.997255631117
kakao_11817216,피자스쿨 서울성대점,humanities,37.5841558414301,126.997771893267
